exec,label,timestamp,cpu
102,action_server,1733775494,
102,action_server,1733775495, 0.0
102,action_server,1733775496,97.0
102,action_server,1733775497,49.0
102,action_server,1733775498,32.6
102,action_server,1733775498,32.6
102,action_server,1733775499,24.5
102,action_server,1733775500,19.6
102,action_server,1733775501,16.3
102,action_server,1733775502,16.5
102,action_server,1733775502,14.1
102,action_server,1733775503,12.3
102,action_server,1733775504,11.0
102,action_server,1733775505,11.0
102,action_server,1733775505,10.0
102,action_server,1733775506, 9.0
102,action_server,1733775507, 8.3
102,action_server,1733775508, 7.7
102,action_server,1733775508, 7.7
102,action_server,1733775509, 7.2
102,action_server,1733775510, 6.8
102,action_server,1733775511, 6.3
102,action_server,1733775512, 6.3
102,action_server,1733775512, 6.0
102,action_server,1733775513, 5.6
102,action_server,1733775514, 5.3
102,action_server,1733775515, 5.3
102,action_server,1733775515, 5.1
102,action_server,1733775516, 4.9
102,action_server,1733775517, 4.7
102,action_server,1733775518, 4.7
102,action_server,1733775518, 4.5
102,action_server,1733775519, 4.3
102,action_server,1733775520, 4.1
102,action_server,1733775521, 4.0
102,action_server,1733775522, 3.8
102,action_server,1733775522, 3.8
102,action_server,1733775523, 3.7
102,action_server,1733775524, 3.6
102,action_server,1733775525, 3.5
102,action_server,1733775526, 3.5
102,action_server,1733775526, 3.4
102,action_server,1733775527, 3.3
102,action_server,1733775528, 3.2
102,action_server,1733775529, 3.1
102,action_server,1733775530, 3.1
102,action_server,1733775530, 3.0
102,action_server,1733775531, 2.9
102,action_server,1733775532, 2.8
102,action_server,1733775533, 2.8
102,action_server,1733775534, 2.7
102,action_server,1733775535, 2.7
102,action_server,1733775536, 2.7
102,action_server,1733775536, 2.6
102,action_server,1733775537, 2.5
102,action_server,1733775538, 2.5
102,action_server,1733775539, 2.5
102,action_server,1733775539, 2.4
102,action_server,1733775540, 2.4
102,action_server,1733775541, 2.3
102,action_server,1733775542, 2.3
102,action_server,1733775543, 2.2
102,action_server,1733775544, 2.2
102,action_server,1733775544, 2.2
102,action_server,1733775545, 2.2
102,action_server,1733775546, 2.1
102,action_server,1733775547, 2.1
102,action_server,1733775547, 2.1
102,action_server,1733775548, 2.0
102,action_server,1733775549, 2.0
102,action_server,1733775550, 2.0
102,action_server,1733775550, 2.0
102,action_server,1733775551, 1.9
102,action_server,1733775552, 1.9
102,action_server,1733775553, 1.9
102,action_server,1733775553, 1.9
102,action_server,1733775554, 1.8
102,action_server,1733775555, 1.8
102,action_server,1733775555, 1.8
102,action_server,1733775556, 1.8
102,action_server,1733775556, 1.8
102,action_server,1733775557, 1.8
102,action_server,1733775558, 1.8
102,action_server,1733775558, 1.7
102,action_server,1733775559, 1.7
102,action_server,1733775559, 1.7
102,action_server,1733775560, 1.7
102,action_server,1733775560, 1.7
102,action_server,1733775561, 1.7
102,action_server,1733775562, 1.7
102,action_server,1733775562, 1.6
102,action_server,1733775563, 1.6
102,action_server,1733775563, 1.6
102,action_server,1733775564, 1.6
102,action_server,1733775565, 1.6
102,action_server,1733775565, 1.6
102,action_server,1733775566, 1.6
102,action_server,1733775566, 1.6
102,action_server,1733775567, 1.5
102,action_server,1733775568, 1.5
102,action_server,1733775568, 1.5
102,action_server,1733775569, 1.5
102,action_server,1733775569, 1.5
102,action_server,1733775570, 1.5
102,action_server,1733775570, 1.5
102,action_server,1733775571, 1.5
102,action_server,1733775571, 1.5
102,action_server,1733775572, 1.4
102,action_server,1733775573, 1.4
102,action_server,1733775573, 1.4
102,action_server,1733775574, 1.4
102,action_server,1733775574, 1.4
102,action_server,1733775575, 1.4
102,action_server,1733775575, 1.4
102,action_server,1733775576, 1.4
102,action_server,1733775576, 1.4
102,action_server,1733775577, 1.4
102,action_server,1733775578, 1.4
102,action_server,1733775578, 1.3
102,action_server,1733775579, 1.3
102,action_server,1733775579, 1.3
102,action_server,1733775580, 1.3
102,action_server,1733775580, 1.3
102,action_server,1733775581, 1.3
102,action_server,1733775581, 1.3
102,action_server,1733775582, 1.3
102,action_server,1733775583, 1.3
102,action_server,1733775583, 1.3
102,action_server,1733775584, 1.3
102,action_server,1733775584, 1.3
102,action_server,1733775585, 1.3
102,action_server,1733775586, 1.2
102,action_server,1733775586, 1.2
102,action_server,1733775587, 1.2
102,action_server,1733775587, 1.2
102,action_server,1733775588, 1.2
102,action_server,1733775588, 1.2
102,action_server,1733775589, 1.2
102,action_server,1733775590, 1.2
102,action_server,1733775590, 1.2
102,action_server,1733775591, 1.2
102,action_server,1733775591, 1.2
102,action_server,1733775592, 1.2
102,action_server,1733775592, 1.2
102,action_server,1733775593, 1.2
102,action_server,1733775594, 1.2
102,action_server,1733775594, 1.2
102,action_server,1733775595, 1.1
102,action_server,1733775595, 1.1
102,action_server,1733775596, 1.1
102,action_server,1733775596, 1.1
102,action_server,1733775597, 1.1
102,action_server,1733775597, 1.1
102,action_server,1733775598, 1.1
102,action_server,1733775599, 1.1
102,action_server,1733775599, 1.1
102,action_server,1733775600, 1.1
102,action_server,1733775600, 1.1
102,action_server,1733775601, 1.1
102,action_server,1733775601, 1.1
102,action_server,1733775602, 1.1
102,action_server,1733775602, 1.1
102,action_server,1733775603, 1.1
102,action_server,1733775604, 1.1
102,action_server,1733775604, 1.1
102,action_server,1733775605, 1.1
102,action_server,1733775606, 1.0
102,action_server,1733775606, 1.0
102,action_server,1733775607, 1.0
102,action_server,1733775608, 1.0
102,action_server,1733775608, 1.0
102,action_server,1733775609, 1.0
102,action_server,1733775609, 1.0
102,action_server,1733775610, 1.0
102,action_server,1733775610, 1.0
102,action_server,1733775611, 1.0
102,action_server,1733775612, 1.0
102,action_server,1733775612, 1.0
102,action_server,1733775613, 1.0
102,action_server,1733775613, 1.0
102,action_server,1733775614, 1.0
102,action_server,1733775615, 1.0
102,action_server,1733775615, 1.0
102,action_server,1733775616, 1.0
102,action_server,1733775616, 1.0
102,action_server,1733775617, 1.0
102,action_server,1733775617, 1.0
102,action_server,1733775618, 1.0
102,action_server,1733775619, 1.0
102,action_server,1733775619, 1.0
102,action_server,1733775620, 1.0
102,action_server,1733775620, 0.9
102,action_server,1733775621, 0.9
102,action_server,1733775621, 0.9
102,action_server,1733775622, 0.9
102,action_server,1733775623, 0.9
102,action_server,1733775623, 0.9
102,action_server,1733775624, 0.9
102,action_server,1733775624, 0.9
102,action_server,1733775625, 0.9
102,action_server,1733775625, 0.9
102,action_server,1733775626, 0.9
102,action_server,1733775627, 0.9
102,action_server,1733775627, 0.9
102,action_server,1733775628, 0.9
102,action_server,1733775629, 0.9
102,action_server,1733775629, 0.9
102,action_server,1733775630, 0.9
102,action_server,1733775630, 0.9
102,action_server,1733775631, 0.9
102,action_server,1733775632, 0.9
102,action_server,1733775632, 0.9
102,action_server,1733775633, 0.9
102,action_server,1733775634, 0.9
102,action_server,1733775634, 0.9
102,action_server,1733775635, 0.9
102,action_server,1733775636, 0.9
102,action_server,1733775636, 0.9
102,action_server,1733775637, 0.8
102,action_server,1733775638, 0.8
102,action_server,1733775639, 0.8
102,action_server,1733775640, 0.8
102,action_server,1733775641, 0.8
102,action_server,1733775642, 0.8
102,action_server,1733775642, 0.8
102,action_server,1733775643, 0.8
102,action_server,1733775644, 0.8
102,action_server,1733775644, 0.8
102,action_server,1733775645, 0.8
102,action_server,1733775645, 0.8
102,action_server,1733775646, 0.8
102,action_server,1733775647, 0.8
102,action_server,1733775648, 0.8
102,action_server,1733775648, 0.8
102,action_server,1733775649, 0.8
102,action_server,1733775649, 0.8
102,action_server,1733775650, 0.8
102,action_server,1733775652, 0.8
102,action_server,1733775653, 0.8
102,action_server,1733775654, 0.8
102,action_server,1733775654, 0.8
102,action_server,1733775655, 0.8
102,action_server,1733775656, 0.8
102,action_server,1733775656, 0.8
102,action_server,1733775657, 0.8
102,action_server,1733775658, 0.8
102,action_server,1733775659, 0.8
102,action_server,1733775659, 0.8
102,action_server,1733775660, 0.8
102,action_server,1733775660, 0.8
102,action_server,1733775661, 0.8
102,action_server,1733775662, 0.8
102,action_server,1733775662, 0.7
102,action_server,1733775663, 0.7
102,action_server,1733775663, 0.7
102,action_server,1733775664, 0.7
102,action_server,1733775664, 0.7
102,action_server,1733775665, 0.7
102,action_server,1733775666, 0.7
102,action_server,1733775666, 0.7
102,action_server,1733775667, 0.7
102,action_server,1733775667, 0.7
102,action_server,1733775668, 0.7
102,action_server,1733775668, 0.7
102,action_server,1733775669, 0.7
102,action_server,1733775670, 0.7
102,action_server,1733775671, 0.7
102,action_server,1733775671, 0.7
102,action_server,1733775672, 0.7
102,action_server,1733775672, 0.7
102,action_server,1733775673, 0.7
102,action_server,1733775674, 0.7
102,action_server,1733775674, 0.7
102,action_server,1733775675, 0.7
102,action_server,1733775675, 0.7
102,action_server,1733775676,
102,action_server,1733775676,
102,action_server,1733775677,
102,action_server,1733775678,
102,action_server,1733775678,
102,action_server,1733775679,
102,action_server,1733775679,
102,action_server,1733775680,
102,action_server,1733775680,
102,action_server,1733775681,
102,action_server,1733775682,
102,action_server,1733775682,
102,action_server,1733775683,
102,action_server,1733775683,
102,action_server,1733775684,
102,action_server,1733775685,
102,action_server,1733775685,
102,action_server,1733775686,
102,action_server,1733775686,
102,action_server,1733775687,
102,action_server,1733775688,
102,action_server,1733775688,
102,action_server,1733775689,
102,action_server,1733775689,
102,action_server,1733775690,
102,action_server,1733775690,
102,action_server,1733775691,
102,action_server,1733775692,
102,action_server,1733775692,
102,action_server,1733775693,
102,action_server,1733775694,
102,action_server,1733775694,
102,action_server,1733775695,
102,action_server,1733775695,
102,action_server,1733775696,
102,action_server,1733775697,
102,action_server,1733775697,
102,action_server,1733775698,
102,action_server,1733775698,
102,action_server,1733775699,
102,action_server,1733775700,
102,action_server,1733775700,
102,action_server,1733775701,
102,action_server,1733775701,
102,action_server,1733775702,
102,action_server,1733775703,
102,action_server,1733775703,
102,action_server,1733775704,
102,action_server,1733775704,
102,action_server,1733775705,
102,action_server,1733775705,
102,action_server,1733775706,
102,action_server,1733775707,
102,action_server,1733775707,
102,action_server,1733775708,
102,action_server,1733775709,
102,action_server,1733775709,
102,action_server,1733775710,
102,action_server,1733775710,
102,action_server,1733775711,
102,action_server,1733775711,
102,action_server,1733775712,
102,action_server,1733775712,
102,action_server,1733775713,
102,action_server,1733775714,
102,action_server,1733775714,
102,action_server,1733775715,
102,action_server,1733775715,
102,action_server,1733775716,
102,action_server,1733775716,
102,action_server,1733775717,
102,action_server,1733775718,
102,action_server,1733775718,
102,action_server,1733775719,
102,action_server,1733775719,
102,action_server,1733775720,
102,action_server,1733775720,
102,action_server,1733775721,
102,action_server,1733775721,
102,action_server,1733775722,
102,action_server,1733775723,
102,action_server,1733775723,
102,action_server,1733775724,
102,action_server,1733775725,
102,action_server,1733775725,
102,action_server,1733775726,
